Workbook

Sheet Raw Data
A1: Customer_ID | B1: Customer_Name | C1: Region | D1: Product | E1: Order_Date | F1: Quantity | G1: Unit_Price | H1: Email | I1: Data Quality Status
A2: C001 | B2: Thabo Mokoena | C2: Gauteng | D2: Laptop | E2: 46027 | F2: 2 | G2: 12500 | H2: thabo@email.com | I2: =IF(OR(F2="",H2=""),"Needs Review","Complete") -> Complete
A3: C002 | B3: Lerato Dlamini | C3: Gauteng | D3: Printer | E3: 46029 | F3: 1 | G3: 4500 | H3: lerato@email.com | I3: =IF(OR(F3="",H3=""),"Needs Review","Complete") -> Complete
A4: C003 | B4: John Smith | C4: Western Cape | D4: Monitor | E4: 46030 | F4: 3 | G4: 3200 | H4: john@email.com | I4: =IF(OR(F4="",H4=""),"Needs Review","Complete") -> Complete
A5: C004 | B5: Amanda Naidoo | C5: Kwazulu-Natal | D5: Keyboard | E5: 46032 | F5: 5 | G5: 850 | H5: amanda@email.com | I5: =IF(OR(F5="",H5=""),"Needs Review","Complete") -> Complete
A6: C005 | B6: Peter Molefe | C6: Gauteng | D6: Mouse | E6: 46034 | F6: 10 | G6: 450 | H6: peter@email.com | I6: =IF(OR(F6="",H6=""),"Needs Review","Complete") -> Complete
A7: C006 | B7: Naledi Khumalo | C7: Limpopo | D7: Laptop | E7: 46036 | F7: 2 | G7: 12500 | H7: naledi@email.com | I7: =IF(OR(F7="",H7=""),"Needs Review","Complete") -> Complete
A8: C007 | B8: Bongani Ndlovu | C8: Mpumalanga | D8: Monitor | E8: 46037 | F8: 2 | G8: 3200 | H8: bongani@email.com | I8: =IF(OR(F8="",H8=""),"Needs Review","Complete") -> Complete
A9: C008 | B9: Sarah Jacobs | C9: Gauteng | D9: Printer | E9: 46039 | F9: 1 | G9: 4500 | H9: sarah@email.com | I9: =IF(OR(F9="",H9=""),"Needs Review","Complete") -> Complete
A10: C009 | B10: Musa Zulu | C10: Kwazulu-Natal | D10: Keyboard | E10: 46041 | F10: 4 | G10: 850 | H10: musa@email.com | I10: =IF(OR(F10="",H10=""),"Needs Review","Complete") -> Complete
A11: C010 | B11: Thandi Maseko | C11: Western Cape | D11: Mouse | E11: 46043 | F11: 8 | G11: 450 | H11: thandi@email.com | I11: =IF(OR(F11="",H11=""),"Needs Review","Complete") -> Complete
A12: C011 | B12: Kevin Botha | C12: Gauteng | D12: Laptop | E12: 46044 | F12: 1 | G12: 12500 | H12: kevin@email.com | I12: =IF(OR(F12="",H12=""),"Needs Review","Complete") -> Complete
A13: C012 | B13: Precious Nkosi | C13: Limpopo | D13: Monitor | E13: 46046 | F13: 2 | G13: 3200 | H13: precious@email.com | I13: =IF(OR(F13="",H13=""),"Needs Review","Complete") -> Complete
... A23: C022 | B23: Lerato Dlamini | C23: gauteng | D23: Printer | E23: 46065 | F23: 2 | G23: 4500 | H23: lerato@email.com | I23: =IF(OR(F23="",H23=""),"Needs Review","Complete") -> Complete
A24: C023 | B24: John Smith | C24: Western Cape | D24: monitor | E24: 46067 | F24: 2 | G24: 3200 | I24: =IF(OR(F24="",H24=""),"Needs Review","Complete") -> Needs Review
A25: C024 | B25: Amanda Naidoo | C25: KZN | D25: Keyboard | E25: 46069 | F25: 4 | G25: 850 | H25: amanda@email.com | I25: =IF(OR(F25="",H25=""),"Needs Review","Complete") -> Complete
A26: C025 | B26: Peter Molefe | C26: Gauteng | D26: Mouse | E26: 46071 | G26: 450 | H26: peter@email.com | I26: =IF(OR(F26="",H26=""),"Needs Review","Complete") -> Needs Review
A27: C026 | B27: Naledi Khumalo | C27: Limpopo | D27: Laptop | E27: 46073 | F27: 2 | G27: 12500 | H27: naledi@email.com | I27: =IF(OR(F27="",H27=""),"Needs Review","Complete") -> Complete
A28: C027 | B28: Bongani Ndlovu | C28: Mpumalanga | D28: Monitor | E28: 46075 | F28: 3 | G28: 3200 | H28: bongani@email.com | I28: =IF(OR(F28="",H28=""),"Needs Review","Complete") -> Complete
A29: C028 | B29: Sarah Jacobs | C29: Gauteng | D29: Printer | E29: 46077 | F29: 1 | G29: 4500 | H29: sarah@email.com | I29: =IF(OR(F29="",H29=""),"Needs Review","Complete") -> Complete
A30: C029 | B30: Musa Zulu | C30: Kwazulu-Natal | D30: Keyboard | E30: 46079 | F30: 4 | G30: 850 | H30: musa@email.com | I30: =IF(OR(F30="",H30=""),"Needs Review","Complete") -> Complete
A31: C030 | B31: Thandi Maseko | C31: Western Cape | D31: Mouse | E31: 46081 | F31: 9 | G31: 450 | H31: thandi@email.com | I31: =IF(OR(F31="",H31=""),"Needs Review","Complete") -> Complete

Sheet Data Quality Checks
A1: Data Quality Checks
A3: Check | B3: Result
A4: Total Records | B4: =COUNTA('Raw Data'!A2:A1000) -> 30
A5: Missing Customer IDs | B5: =COUNTIF('Raw Data'!A2:A31,"") -> 0
A6: Duplicate Customer IDs | B6: {=SUMPRODUCT((COUNTIF('Raw Data'!A2:A31,'Raw Data'!A2:A31)>1)*1)} -> 0
A7: Missing Names | B7: =COUNTIF('Raw Data'!C2:C31,"") -> 0
A8: Missing Regions | B8: =COUNTIF('Raw Data'!D1:D31,"") -> 0
A9: Missing Products | B9: =COUNTIF('Raw Data'!E2:E31,"") -> 0
A10: Missing Order Dates | B10: =COUNTIF('Raw Data'!E2:E31,"") -> 0
A11: Missing Quantities | B11: =COUNTIF('Raw Data'!F2:F31,"") -> 1
A12: Missing Unit Prices | B12: =COUNTIF('Raw Data'!G2:G31,"") -> 0
A13: Missing Emails | B13: =COUNTIF('Raw Data'!H2:H31,"") -> 1
A15: Overall Data Quality Status | B15: =IF(SUM(B5:B6,B7:B13)=0,"All Checks Passed","Needs Review") -> Needs Review

Sheet Data Summary
A1: Inventory Data Summary
A3: Total Records | B3: =COUNTA('Raw Data'!A2:A31) -> 30
A4: Total Quantity | B4: =SUM('Raw Data'!F2:F31) -> 106
A5: Total Procurement Value | B5: =SUMPRODUCT('Raw Data'!F2:F31,'Raw Data'!G2:G31) -> 250950
A6: Average Unit Price | B6: =AVERAGE('Raw Data'!G2:G31) -> 4165
A7: Missing Quantities | B7: =COUNTIF('Raw Data'!F2:F31,"") -> 1
A8: Missing Emails | B8: =COUNTIF('Raw Data'!H2:H31,"") -> 1
A10: Data Quality Overview
A12: Complete Records | B12: =COUNTIF('Raw Data'!I2:I31,"Complete") -> 28
A13: Records Needing Review | B13: =COUNTIF('Raw Data'!I2:I31,"Needs Review") -> 2
A16: Product Analysis
A18: Product | B18: Total Quantity | C18: Total Value
A19: Laptop | B19: =SUMIF('Raw Data'!D2:D31,A19,'Raw Data'!F2:F31) -> 10 | C19: {=SUMPRODUCT(('Raw Data'!D2:D31=A19)*('Raw Data'!F2:F31)*('Raw Data'!G2:G31))} -> 125000
A20: Printer | B20: =SUMIF('Raw Data'!D3:D32,A20,'Raw Data'!F3:F32) -> 8 | C20: {=SUMPRODUCT(('Raw Data'!D3:D32=A20)*('Raw Data'!F3:F32)*('Raw Data'!G3:G32))} -> 31950
A21: Monitor | B21: =SUMIF('Raw Data'!D4:D33,A21,'Raw Data'!F4:F33) -> 16 | C21: {=SUMPRODUCT(('Raw Data'!D4:D33=A21)*('Raw Data'!F4:F33)*('Raw Data'!G4:G33))} -> 51200
A22: Keyboard | B22: =SUMIF('Raw Data'!D5:D34,A22,'Raw Data'!F5:F34) -> 26 | C22: {=SUMPRODUCT(('Raw Data'!D5:D34=A22)*('Raw Data'!F5:F34)*('Raw Data'!G5:G34))} -> 22100
A23: Mouse | B23: =SUMIF('Raw Data'!D6:D35,A23,'Raw Data'!F6:F35) -> 46 | C23: {=SUMPRODUCT(('Raw Data'!D6:D35=A23)*('Raw Data'!F6:F35)*('Raw Data'!G6:G35))} -> 20700
A25: =B5 -> 250950
A26: =B4 -> 106
A27: =B6 -> 4165
A28: =B13 -> 2
A31: Region Analysis
A33: Region | B33: Total Quantity | C33: Total Value
A34: Gauteng | B34: =SUMIF('Raw Data'!C2:C31,A34,'Raw Data'!F2:F31) -> 45 | C34: {=SUMPRODUCT(('Raw Data'!C2:C31=A34)*('Raw Data'!F2:F31)*('Raw Data'!G2:G31))} -> 119850
A35: Mpumalanga | B35: =SUMIF('Raw Data'!C3:C32,A35,'Raw Data'!F3:F32) -> 11 | C35: {=SUMPRODUCT(('Raw Data'!C3:C32=A35)*('Raw Data'!F3:F32)*('Raw Data'!G3:G32))} -> 21100
A36: Limpopo | B36: =SUMIF('Raw Data'!C4:C33,A36,'Raw Data'!F4:F33) -> 7 | C36: {=SUMPRODUCT(('Raw Data'!C4:C33=A36)*('Raw Data'!F4:F33)*('Raw Data'!G4:G33))} -> 56850
A37: North West | B37: =SUMIF('Raw Data'!C5:C34,A37,'Raw Data'!F5:F34) -> 0 | C37: {=SUMPRODUCT(('Raw Data'!C5:C34=A37)*('Raw Data'!F5:F34)*('Raw Data'!G5:G34))} -> 0
